{
  "dataset": "retailrocket",
  "n_test": 25032,
  "models": {
    "baseline": {
      "accuracy": 0.8705257270693513,
      "precision": 0.23567961165048543,
      "recall": 0.9134524929444967,
      "f1": 0.3746864750144704,
      "auc": 0.9164157120947265
    },
    "gru": {
      "accuracy": 0.8851470118248642,
      "precision": 0.2628272251308901,
      "recall": 0.9444967074317968,
      "f1": 0.4112226090518124,
      "auc": 0.9445239454992174
    },
    "transformer": {
      "accuracy": 0.8831495685522531,
      "precision": 0.25955578512396693,
      "recall": 0.9454374412041392,
      "f1": 0.4072948328267477,
      "auc": 0.9429790093797464
    },
    "ensemble": {
      "accuracy": 0.9424736337488016,
      "precision": 0.3965990126165661,
      "recall": 0.6801505174035748,
      "f1": 0.501039501039501,
      "auc": 0.945287396345711,
      "threshold": 0.8914603279360482
    }
  }
}