{
  "dataset": "retailrocket",
  "n_test": 25032,
  "models": {
    "baseline": {
      "accuracy": 0.8705257270693513,
      "precision": 0.23567961165048543,
      "recall": 0.9134524929444967,
      "f1": 0.3746864750144704,
      "auc": 0.9164157120947265
    },
    "gru": {
      "accuracy": 0.8851470118248642,
      "precision": 0.2628272251308901,
      "recall": 0.9444967074317968,
      "f1": 0.4112226090518124,
      "auc": 0.9445239454992174
    },
    "transformer": {
      "accuracy": 0.8831495685522531,
      "precision": 0.25955578512396693,
      "recall": 0.9454374412041392,
      "f1": 0.4072948328267477,
      "auc": 0.9429790093797464
    },
    "ensemble": {
      "accuracy": 0.9478667305848514,
      "precision": 0.42018469656992086,
      "recall": 0.599247412982126,
      "f1": 0.4939899185730903,
      "auc": 0.9448457393245517,
      "threshold": 0.30892858014394875
    }
  }
}