{
  "dataset": "uci",
  "n_test": 1850,
  "models": {
    "baseline": {
      "accuracy": 0.8881081081081081,
      "precision": 0.6193353474320241,
      "recall": 0.7167832167832168,
      "f1": 0.6645056726094003,
      "auc": 0.9268920018600324
    }
  }
}