{
  "method": "stacking",
  "coef": [
    0.47179223344564525,
    5.328115287376822,
    0.34290578466819577
  ],
  "intercept": -3.10436770885686,
  "threshold": 0.8914603279360482,
  "model_order": [
    "baseline",
    "gru",
    "transformer"
  ]
}