{
  "dataset": "retailrocket",
  "created_at": "2026-07-12T23:40:20.370265+00:00",
  "version": "1.0.0",
  "seed": 42,
  "baseline": {
    "best": "logreg",
    "val_f1": 0.37250554323725055,
    "all_val_f1": {
      "logreg": 0.37250554323725055,
      "random_forest": 0.35348837209302325
    }
  },
  "sequential": {
    "gru": 0.9404685383035951,
    "transformer": 0.9395594543523538
  },
  "ensemble": {
    "method": "stacking",
    "threshold": 0.30892858014394875
  },
  "segments": {
    "2": "decidido",
    "0": "comparador",
    "3": "explorador",
    "1": "carrito abandonado"
  },
  "feature_names": [
    "n_events",
    "n_views",
    "n_addtocart",
    "n_unique_items",
    "duration_sec",
    "mean_delta_t",
    "hour_of_day",
    "day_of_week",
    "addtocart_rate"
  ],
  "n_features": 9,
  "splits": {
    "train": 116747,
    "val": 25178,
    "test": 25032
  },
  "pos_weight": 10.0,
  "importances": {
    "n_events": 0.3925784242432533,
    "n_views": 0.398617601734256,
    "n_addtocart": 0.057802125095658595,
    "n_unique_items": 0.6289265532023185,
    "duration_sec": 0.45393361259606285,
    "mean_delta_t": 0.055347893860178334,
    "hour_of_day": 0.1260454746107652,
    "day_of_week": 0.09512695465803006,
    "addtocart_rate": 1.697753119771598
  }
}