{
  "dataset": "uci",
  "created_at": "2026-07-12T22:59:37.179279+00:00",
  "version": "1.0.0",
  "seed": 42,
  "baseline": {
    "best": "random_forest",
    "val_f1": 0.6298157453936348,
    "all_val_f1": {
      "logreg": 0.5982905982905983,
      "random_forest": 0.6298157453936348
    }
  },
  "feature_names": [
    "Administrative",
    "Administrative_Duration",
    "Informational",
    "Informational_Duration",
    "ProductRelated",
    "ProductRelated_Duration",
    "BounceRates",
    "ExitRates",
    "PageValues",
    "SpecialDay",
    "OperatingSystems",
    "Browser",
    "Region",
    "TrafficType",
    "Weekend",
    "Month_Aug",
    "Month_Dec",
    "Month_Feb",
    "Month_Jul",
    "Month_June",
    "Month_Mar",
    "Month_May",
    "Month_Nov",
    "Month_Oct",
    "Month_Sep",
    "VisitorType_New_Visitor",
    "VisitorType_Other",
    "VisitorType_Returning_Visitor"
  ],
  "n_features": 28,
  "splits": {
    "train": 8631,
    "val": 1849,
    "test": 1850
  },
  "importances": {
    "Administrative": 0.03911507774144021,
    "Administrative_Duration": 0.04901540576915645,
    "Informational": 0.015216103291435197,
    "Informational_Duration": 0.022104583026016634,
    "ProductRelated": 0.06779646929071473,
    "ProductRelated_Duration": 0.08709313300223052,
    "BounceRates": 0.056876109897211986,
    "ExitRates": 0.0909598063929631,
    "PageValues": 0.38596214379167587,
    "SpecialDay": 0.005984699914671999,
    "OperatingSystems": 0.015073081229503784,
    "Browser": 0.016273986337306628,
    "Region": 0.0261609984254033,
    "TrafficType": 0.027378299720196377,
    "Weekend": 0.008567810727378933,
    "Month_Aug": 0.0037089661240606,
    "Month_Dec": 0.005382359852989115,
    "Month_Feb": 0.0006255700746275672,
    "Month_Jul": 0.0032694261555351713,
    "Month_June": 0.0017640278636297307,
    "Month_Mar": 0.007104296117066306,
    "Month_May": 0.01106101950910083,
    "Month_Nov": 0.027434495866566933,
    "Month_Oct": 0.0046739777767215605,
    "Month_Sep": 0.005637622378138175,
    "VisitorType_New_Visitor": 0.00842142679059232,
    "VisitorType_Other": 0.0004245387021361442,
    "VisitorType_Returning_Visitor": 0.00691456423153002
  }
}